<?xml version="1.0" encoding="UTF-8"?>
<project-private xmlns="http://www.netbeans.org/ns/project-private/1">
    <editor-bookmarks xmlns="http://www.netbeans.org/ns/editor-bookmarks/2" lastBookmarkId="0"/>
    <open-files xmlns="http://www.netbeans.org/ns/projectui-open-files/2">
        <group>
            <file>file:/F:/Septiembre2019/CURSO19-20/PROGRAMACION/Ejercicios/TemaSeisPOO/SolucionesPracticaUno/t6p1e3/src/Modelo/Persona.java</file>
            <file>file:/F:/Septiembre2019/CURSO19-20/PROGRAMACION/Ejercicios/TemaSeisPOO/SolucionesPracticaUno/t6p1e3/src/t6p1e3/T6p1e3.java</file>
        </group>
    </open-files>
</project-private>
